Product_Name,Price,Rating,Availability,Product_Link
MANCREW - Dark Grey Polycotton Slim - Fit Men's Formal Pants ( Pack of 2 ),Rs. 825,4.1⭐️,Available,https://www.snapdeal.com/product/mancrew-khaki-slim-fit-trousers/5332262641302687420
Haul Chic - Light Grey Cotton Blend Slim Fit Men's Formal Pants (Pack of 1),Rs. 575,4.1⭐️,2 Left,https://www.snapdeal.com/product/haul-chic-black-slim-fit/7926336018822258345
Inspire Clothing Inspiration - Black Polycotton Slim - Fit Men's Formal Pants ( Pack of 1 ),Rs. 419,4.1⭐️,2 Left,https://www.snapdeal.com/product/inspire-black-poly-viscose-slim/700511155
Studio Nexx - Light Green Cotton Regular Fit  Chinos (Pack of 1),Rs. 599,4.0⭐️,5 Left,https://www.snapdeal.com/product/studio-nexx-gold-regular-fit/655019914701
SAM & JACK - Beige Cotton Blend Regular Fit Men's Chinos (Pack of 1),Rs. 539,3.9⭐️,Available,https://www.snapdeal.com/product/sam-jack-beige-regular-fit/643960512043
Bene Kleed Loose Flat Men's Cargos - Green ( Pack of 1 ),Rs. 875,NA,Available,https://www.snapdeal.com/product/bene-kleed-loose-flat-mens/656374871540
MANCREW - Light Blue Polycotton Slim - Fit Men's Formal Pants ( Pack of 1 ),Rs. 499,4.2⭐️,Available,https://www.snapdeal.com/product/mancrew-light-blue-slim-fit/640825584241
Bene Kleed Grey Slim Cargos ( Pack of 1 ),Rs. 899,4.0⭐️,5 Left,https://www.snapdeal.com/product/bene-kleed-grey-slim-cargos/636303974859
Rigo Black Regular Joggers ( Pack of 1 ),Rs. 379,4.1⭐️,Available,https://www.snapdeal.com/product/rigo-black-regular-joggers-pack/685586880195
MANCREW - Grey Polycotton Slim - Fit Men's Formal Pants ( Pack of 1 ),Rs. 439,4.0⭐️,1 Left,https://www.snapdeal.com/product/mancrew-grey-slim-fit-flat/654281971974
Bene Kleed Regular Flat Men's Cargos - Olive ( Pack of 1 ),Rs. 1099,NA,4 Left,https://www.snapdeal.com/product/bene-kleed-regular-flat-mens/684703937705
Breakbounce - Black Cotton Slim - Fit Men's Chinos ( Pack of 1 ),Rs. 1399,3.0⭐️,8 Left,https://www.snapdeal.com/product/breakbounce-black-cotton-slim-fit/635808427309
plounge Dark Grey Slim Joggers ( Pack of 1 ),Rs. 599,NA,8 Left,https://www.snapdeal.com/product/plounge-dark-grey-slim-joggers/637652825168
IVOC Olive Slim Cargos ( Pack of 1 ),Rs. 899,3.8⭐️,Available,https://www.snapdeal.com/product/ivoc-olive-slim-cargos-pack/637819215970
Breakbounce - Grey Cotton Slim - Fit Men's Chinos ( Pack of 1 ),Rs. 1399,3.8⭐️,4 Left,https://www.snapdeal.com/product/breakbounce-grey-cotton-slim-fit/641605617824
IVOC Light Grey Regular Joggers ( Pack of 1 ),Rs. 875,5.0⭐️,1 Left,https://www.snapdeal.com/product/ivoc-olive-regular-joggers-pack/656228840002
Breakbounce - Sea Green Cotton Slim - Fit Men's Chinos ( Pack of 1 ),Rs. 1399,3.6⭐️,8 Left,https://www.snapdeal.com/product/breakbounce-sea-green-cotton-slim/661373829792
IVOC Grey Regular Cargos ( Pack of 1 ),Rs. 899,4.0⭐️,Available,https://www.snapdeal.com/product/ivoc-grey-regular-cargos-pack/675202389457
VKF Black Regular Cargos ( Pack of 1 ),Rs. 599,3.0⭐️,Available,https://www.snapdeal.com/product/vkf-black-regular-cargos-pack/678690422031
